Zip Code,Parks,Address,Litter on Ground,Garbage Bins,Grass & Landscaping,Walking Paths,Benches & Seating Areas,Playground & Playareas,Graffiti & Vandalism,Washrooms ,Final Rating,Thoughts
L7A,Creditview Sandalwood Park,"10510 Creditview Rd, Brampton ON L7A 3G2",9,9,9,9,9,9,9,8,9,"- A premier 100-acre flagship athletic facility featuring 2 elite cricket grounds, 4 soccer outfields, a lacrosse bowl, and ball hockey pads.
 - Showcases a massive fully accessible ADA multi-sensory playground and a high-volume splash pad network.
 - Paved multi-use trail loops contain clear sunset benches and integrate nicely into neighborhood corridors.
 - Permanent comfort stations provide clean washrooms though visitor lines can bottleneck during major tournament dates."
L7A,Ahmadiyya Park,"340 Remembrance Rd, Brampton ON L7A 4J4",8,9,9,9,8,9,9,N/A,9,"- Washrooms: None.
 - Highly active Mount Pleasant neighborhood park boasting a popular community outdoor skatepark and scooter rink.
 - Playground features high-grade soft rubber flooring with an expansive range of structural climbing modules and slides.
 - Dense networks of high-capacity garbage bins completely eliminate litter even during busy weekday after-school rushes."
L7A,Angus Morrison Park,"55 Aylesbury Dr, Brampton ON L7A 0G2",8,8,8,8,8,7,9,N/A,8,"- Washrooms: None.
 - Beautiful central neighborhood park offering a direct link into the Pleasant Valley environmental trail loops.
 - Playground features a traditional swing array and slides wrapped neatly by clean woodchip cushioning layers.
 - Includes an accessible shaded patio area with picnic tables perfect for small local family birthday gatherings."
L7A,Worthington Park,"75 Worthington Ave, Brampton ON L7A 2A3",8,8,9,8,8,7,9,N/A,8,"- Washrooms: None.
 - Cozy, peaceful neighborhood pocket park tucked seamlessly inside the established residential streets of Mount Pleasant.
 - Turf lawns are highly manicured with uniform municipal clipping cycles keeping peripheral weeds completely low.
 - Excellent neighborhood visibility from adjacent houses naturally deters graffiti or damage on play assets."
L7A,Armagh Park,"33 Donomore Dr, Brampton ON L7A 0S2",8,8,8,8,7,7,9,N/A,8,"- Washrooms: None.
 - Tucked deeply into a quiet interior residential crescent serving as a reliable open leisure lawn for youth.
 - Features wide open grassy areas optimized for informal community soccer practice, catch, or tossing a frisbee.
 - Low overall crowd congregating numbers keep general litter issues remarkably minimal year-round."
L7A,Robert Post Park,"105 Buick Blvd, Brampton ON L7A 4M8",8,8,9,8,8,8,9,N/A,8,"- Washrooms: None.
 - Open 24 hours providing reliable outdoor fitness tracks and exercise corridors along Veterans Drive.
 - Play structures focus on younger child modules with modern high-safety plastic slides and sturdy frames.
 - Bench installations are positioned strategically under mature trees to afford clear shade protection in midsummer."
L7A,Lola Park,"30 Lola Cres, Brampton ON L7A 4J6",8,8,8,8,7,7,9,N/A,8,"- Washrooms: None.
 - Compact neighborhood pocket park situated within a quiet residential sub-division near Remembrance Road.
 - Playground structures are clean and functional, remaining highly visible from surrounding windows which deters graffiti.
 - Standard rolling green city garbage bins are checked on a reliable weekly rotation schedule by municipal crews."
L7A,Upper Mount Pleasant Park,"90 Robert Parkinson Dr, Brampton ON L7A 4E5",8,8,8,9,8,7,8,N/A,8,"- Washrooms: None.
 - Anchors the entrance to the Upper Mount Pleasant Recreational Trail showcasing kilometers of lush nature paths.
 - Smoothly asphalted perimeter routes weave neatly into residential blocks, providing an excellent environment for strollers.
 - Litter containment is managed well using standard rolling barrels, though autumn trail debris requires seasonal cleanup."
L7A,Burnt Elm Park,"45 Burnt Elm Dr, Brampton ON L7A 1T8",8,8,9,8,8,8,9,N/A,8,"- Washrooms: None.
 - Spans across 4.9 acres of clean landscaping featuring an outdoor asphalt basketball court and shade shelters.
 - Playground elements feature elite modern climbing nets, high-safety creative slides, and thick protective mulch layers.
 - Open design lines bring high visibility from surrounding residential roads, keeping vandalism behavior at zero."
L7A,Trincomalee Park,"60 Iguana Trail, Brampton ON L7A 0A9",8,8,9,9,8,8,9,N/A,8,"- Washrooms: None.
 - Multi-sport neighborhood layout featuring active basketball hoops, soccer fields, and modern play equipment modules.
 - Paved loop pathways are structurally sound and provide broad visibility across the entire park layout.
 - Shaded bench seating areas are well-situated under young tree alignments along the primary walking strips."
L7A,Cassie Campbell Community Park,"1050 Sandalwood Pkwy W, Brampton ON L7A 0K9",8,9,9,9,9,9,9,8,9,"- Large active park spaces anchored by the massive Cassie Campbell Community Centre infrastructure.
 - Features premium illuminated artificial turf soccer fields, cricket lanes, and tennis layouts.
 - Trash bins are thoroughly distributed around the central building perimeter and parking bays to prevent litter.
 - Indoor recreation lobby doors ensure access to clean, modern, and fully accessible public washrooms."
L6Z,Heart Lake Conservation Park,"10815 Heart Lake Rd, Brampton ON L6Z 0B3",9,8,#,#,8,9,#,8,9,"- A massive premier ecological destination featuring outdoor zip-lining ropes courses, boat rentals, and designated fishing zones.
 - Splash pads and beach zones are highly pristine but experience high visitor strain during hot summer weekends.
 - Forested trail circuits are exceptionally maintained though public waste bins are concentrated primarily near the main parking gates.
 - Natural dirt pathways offer an authentic wilderness experience but can grow very slick and muddy following heavy rainfall loops."
L6Z,Loafer's Lake Park,"30 Loafers Lake Ln, Brampton ON L6Z 1X9",8,9,9,9,9,8,9,7,9,"- Features a beautifully paved lakeside running and fitness trail that integrates seamlessly into the regional Etobicoke Creek system.
 - Trash bins are thoroughly distributed around the central recreation center perimeter and lakeside loops to prevent litter.
 - Playground elements are modern and fully functional, though high local waterfowl populations cause seasonal lawn debris.
 - Public restrooms located inside the attached Loafer's Lake Recreation Centre are clean but subject to building operating hours."
L6Z,Conservation Drive Park,"290 Conservation Dr, Brampton ON L6Z 3N3",8,8,9,9,7,8,9,N/A,8,"- Sprawling wooded parkland landscape offering quiet granular walking trails and a traditional baseball diamond backstop.
- General grass cutting and maintenance schedules are uniform, though natural perimeter brush zones require seasonal clearing.
- Seating benches are solid but sparse deeper into the woods, prioritizing a raw nature-preserve atmosphere.
- No confirmed public washroom was found, so washrooms should be marked as N/A."
L6Z,Sandalwood Park,"130 Conestoga Dr, Brampton ON L6Z 4S3",8,9,8,9,8,8,9,N/A,8,"- Washrooms: None.
 - Famous for its newly upgraded NHL-sized outdoor winter ice rinks, tennis layouts, and dedicated pickleball courts.
 - High-capacity metal waste bins are strategically placed near sports team benches to eliminate game-day player trash.
 - Paved perimeter tracks are in excellent condition, providing highly rated walking paths and easy shortcuts for local residents.
 - Playground climbing structures are smaller but well-padded with fresh wood mulch layers and kept completely clear of graffiti."
L6Z,Moorehead Park,"51 Moorehead Cres, Brampton ON L6Z 4G6",8,8,8,8,8,7,9,N/A,8,"- Washrooms: None.
 - Open 24 hours as a quiet suburban neighborhood corridor park nestled securely behind residential rows.
 - Playground features simple swing sets and durable climbing frames that are checked regularly for child safety loops.
 - High perimeter visibility from surrounding residential fences and backyards naturally deters graffiti and loitering behaviors."
L6Z,Donnelly East Park,"801 Sandalwood Pkwy E, Brampton, ON L6Z 3C4",8,8,8,8,7,7,9,N/A,8,"- Washrooms: None.
 - Linear green space corridor situated on the south side of Sandalwood Parkway just west of Heart Lake Road.
 - Features a small baseball diamond backstop and regular lawn clipping cycles handled cleanly by municipal crews.
 - Simple, open framework results in low crowd-gathering volumes, which keeps loose litter issues remarkably minimal year-round."
L6Z,Notre Dame Park,"45 Notre Dame Ave, Brampton ON L6Z 4P6",8,8,8,8,8,7,8,N/A,8,"- Washrooms: None.
 - Sits directly adjacent to local school property lines, experiencing dense weekday student foot traffic loops.
 - Child play areas are kept safe and functional, though playground equipment line waits peak right around afternoon school dismissal hours.
 - Standard rolling green city garbage receptacles manage student lunch litter efficiently via daily morning staff clearing walks."
L6Z,Esker Lake Trail / Donnelly Ponds,"Esker Lk Trl, Brampton, ON L6Z 3C4",9,8,9,9,7,N/A,9,N/A,9,"- Washrooms: None.
 - Peaceful environmental trail loop showcasing clean, highly rated paths built around a natural wetland kettle lake.
 - Paved walking and fitness tracks are exceptionally maintained and serve as a prime regional destination for bird watching.
 - Zero formal playground structures are installed on the grounds in order to preserve the raw environmental sanctuary setting.
 - Waste collection assets are strictly restricted to the primary trail entrance parking points to shield local wildlife."
L6Z,Donnelly Park,"Donnelly Park, 29 Esker Dr, Brampton, ON L6Z 3C7",8,8,8,8,8,7,9,N/A,8,"- Washrooms: None.
 - Small neighborhood pocket parkette tucked away in a quiet residential cul-de-sac corridor.
 - Serves primarily as an immediate walk-to destination for local families with younger toddlers and pet walkers.
 - Playground elements are basic but kept in highly sanitary condition with robust visibility from street lamps."
L6Y,Eldorado Park,"8520 Creditview Rd, Brampton, ON L6Y 0G4",7,7,8,8,7,7,8,7,8,"- Historic regional park framing the banks of the Credit River, popular for large family outdoor picnic groupings.
 - Barbecue pit areas undergo high weekend volume, which can heavily challenge trash collection container limits.
 - Features mature natural walking trails, an outdoor swimming pool facility, and open-concept children's playgrounds.
 - Riverside path segments consist of natural soil and clay matrices, growing slick and muddy immediately following downpours."
L6Y,Sagarmatha Park,"152 Cherrytree Dr, Brampton ON L6Y 3P2",8,8,9,8,8,8,9,N/A,8,"- Washrooms: None.
 - A robust, highly active family hub (formerly known locally as Sparrow Park) nestled deep inside the mature Cherrytree neighborhood footprint.
 - Playground elements feature immaculate, well-maintained swing arrays, slides, and structural climbing grids highly praised by local families.
 - Showcases beautifully leveled open turf lawns and clean asphalt loop pathways paired with functional, unshaded public picnic tables and rest benches."
L6Y,Fairgrounds Park,"75 McMurchy Ave S, Brampton, ON L6Y 1W4",8,8,8,8,7,7,9,7,8,"- Also documented locally as the Dave Dash Memorial Field; situated directly adjacent to the historic Brampton Memorial Arena.
 - Houses active illuminated athletic complexes including 2 dedicated softball fields, a hardball diamond, and uniform player dugouts.
 - Paved perimeter paths provide solid pedestrian shortcuts connecting central street lines, with standard city garbage bins nearby.
 - Shared indoor arena lobby doors keep restroom amenities available during scheduled local sports tournament windows."
L6Y,Meadowvale Park,"48 Meadowvale Blvd, Brampton ON L6Y 3T8",8,8,8,8,8,7,9,N/A,8,"- Washrooms: None.
 - Highly visible subdivision residential green plot framing the southern blocks of the Fletcher\'s Creek South sector.
 - Features cleanly mowed open turf outfields ideal for informal neighborhood soccer practice, catch, or outdoor family fitness tracking.
 - Playground modules are modern and highly visible from surrounding street lanes and homes, maintaining a clean blueprint free of graffiti."
L6Y,Cherrytree Park,"175 Cherrytree Dr, Brampton, ON L6Y 3M9",8,8,8,8,8,7,9,N/A,8,"- Washrooms: None.
 - Tucked seamlessly behind Cherrytree Public School, experiencing high weekday afternoon student foot traffic density.
 - Playground modules feature clean plastic slides and traditional swing apparatuses padded safely with fresh wood mulch layers.
 - General turf landscaping undergoes uniform city mowing routines, keeping regional weeds completely low across the sports outfields."
L6Y,Fletcher's Creek Park,"8351 McLaughlin Rd S, Brampton, ON L6Y 4H8",8,8,9,9,8,8,9,N/A,8,"- Washrooms: None.
 - Sprawling, highly picturesque linear preservation trail tracking the physical contours of the natural flowing creek bed.
 - Asphalted walking and cycling tracks are flat, broad, and deeply valued by neighborhood residents out for morning stroller walks.
 - Garbage receptacles are anchored neatly at primary neighborhood crossroad street entry gaps to manage pet waste effectively."
L6Y,Woodview Park,"102 Corby Crescent, Brampton, ON L6Y 1H1",9,8,8,8,8,7,9,N/A,8,"- Washrooms: None.
 - Peaceful neighborhood pocket park providing a reliable sanctuary for the immediate residential street crescent loops.
 - Clean playground units are highly functional and surrounded by tidy lawns, keeping the space comfortable for local toddlers.
 - High residential visibility from adjacent property fences naturally deters loitering or property marker vandalism behaviors."
L6Y,RC Charlton Park,"35 James Potter Rd, Brampton ON L6Y 5A2",8,8,8,8,8,8,8,N/A,8,"- Washrooms: None.
 - Modern subdivision park space featuring fresh landscape designs, open green lawns, and young tree alignments.
 - Paved walking pathways are wide and level, easily accommodating double strollers, child wagons, and community senior steps.
 - Strategic placement of rolling green city trash barrels prevents loose retail wrapper buildup around playground benches."
L6Y,Shri Bhagvad Gita Park,"65 Workgreen Park Way, Brampton, ON L6Y 6J6",9,9,10,9,9,9,9,N/A,9,"- Washrooms: None.
 - Structurally striking culturally themed park highlighting unique monuments, decorative brick paver designs, and gardens.
 - Broad walking pathways are beautifully maintained and rank exceptionally high for community evening group strolls.
 - High-density garbage bin networks and regular municipal cleaning loops keep the thematic property completely free of loose litter."
L6Y,Memorial Park,"69 Elliott St, Brampton, ON L6Y 1W2",8,8,8,8,7,7,8,N/A,8,"- Washrooms: None.
 - Established central-south pocket park featuring an extensive, mature tree canopy that provides excellent hot weather shade.
 - Walking tracks are functional and cleared though older asphalt sections show minor pavement variations from mature tree root lines.
 - Playground apparatuses are traditional configurations but remain structurally sound, safe, and routinely checked by the city."
L6Y,Gage Park,"45 Main St S, Brampton, ON L6Y 1M9",8,8,9,10,10,8,9,7,9,"- Historic downtown flagship landmark boasting an iconic central gazebo, seasonal floral garden displays, and a premium outdoor roller/ice skating loop track.
 - Paved brick paths are exceptionally swept, highly accessible, and provide immediate connections to the downtown business core.
 - Bench installations are abundant and strategically shaded beneath towering century-old trees, creating excellent seating density.
 - Public comfort stations are active but see massive foot traffic surges during seasonal events, placing a strain on washroom cleanliness."
L6X,Teramoto Park,"9050 Chinguacousy Rd, Brampton ON L6X 0E6",8,8,8,8,8,7,8,7,8,"- Major athletic hub equipped with premium lit baseball diamonds, soccer fields, and active cricket outfields.
 - Litter parameters face high volume spikes surrounding primary team bench areas on weekend game days.
 - Paved pathways wrap nicely around a modern splash pad and safe, accessible playground layout.
 - Public comfort stations are active during sports seasons though heavy evening demand can bottleneck lines."
L6X,Andrew McCandless Park,"450 Elbern Markell Dr, Brampton ON L6X 5L3",7,8,9,9,8,9,9,7,8,"- Sprawling modern parkland featuring premium cricket pitches, soccer fields, a splash pad, and a popular skatepark.
 - Asphalt walking loop paths are smoothly paved and remain in near-flawless shape for local runners.
 - Playground elements feature elite modern climbing nets, high-safety creative slides, and thick protective mulch layers.
 - Public washroom maintenance can drop during peak hot weekend hours due to massive family picnic turnouts."
L6X,Pickard Park,"77 Albright Rd, Brampton ON L6X 5E6",8,8,8,8,8,7,9,N/A,8,"- Washrooms: None.
 - Enclosed residential green plot emphasizing functional swing sets and durable children's play modules.
 - Cut-through walking links run across local crescents to help neighborhood school commuters.
 - Litter levels remain low due to high neighborhood backyard visibility and active local property maintenance."
L6X,Chris Gibson Park,"125 McLaughlin Rd N, Brampton, ON L6X 1Y9",8,9,9,9,8,9,9,8,9,"- Anchored by a major indoor recreation center which ensures clean interior washroom access.
- Features a highly rated off-leash dog park that is separated cleanly from sports fields.
- Paved walking trails link smoothly into the local transit corridor making it highly accessible.
- Playground equipment is modern, clean, and heavily used by local sports families."
L6X,Fred Kline Park,"9445 McLaughlin Rd N, Brampton, ON L6X 0B8",8,8,8,8,8,8,9,N/A,8,"- Washrooms: None.
 - Neighborhood corridor park open 24 hours providing reliable walking links near McLaughlin Road.
 - Play modules are clean, well-lit from nearby roadways, and checked often for structural integrity.
 - Clear sightlines from surrounding property lines naturally keep graffiti and loitering risks very low."
L6X,Luongo Park,"Royal West Dr s/of Adamsville Rd N, Brampton, ON L6X 2M2",9,8,9,8,8,7,9,N/A,8,"- Washrooms: None.
 - Boutique neighborhood green layout showcasing excellent floral borders and uniform lawn lining.
 - Play structures focus on younger child modules with modern high-safety plastic pieces.
 - Paths are level and clean, eliminating trip hazards for neighborhood seniors out for evening walks."
L6X,Major William Sharpe Park,"Brampton, ON L6X 3H9",8,8,9,8,8,8,9,N/A,8,"- Washrooms: None.
- A beautiful neighborhood hub situated adjacent to Our Lady of Peace school, keeping youth traffic high during weekdays.
- Features a classic park gazebo structure alongside clean baseball diamonds and spacious sports fields.
- Dense mature trees provide excellent shade canopies over the park benches and children's playground loops."
L6X,Gatesgill Park,"12 Park Estates Crt, Brampton ON L6X 3S4",8,8,8,8,7,7,9,N/A,8,"- Washrooms: None.
 - Quiet enclave park tucked away near Bovaird Drive West and Main Street North.
 - Features a small baseball diamond backstop and regular lawn clipping cycles handled cleanly by municipal crews.
 - Simple, open framework results in low crowd-gathering volumes, which keeps loose litter issues remarkably minimal year-round."
L6W,Centennial Park,"45 Centre St S, Brampton ON L6W 2X7",8,9,8,9,8,8,9,N/A,8,"- Washrooms: None.
 - Acclaimed active sports hub featuring 3 dedicated tennis courts, structured pickleball layouts, and an open baseball diamond outcropping.
 - Blends seamlessly into the central Etobicoke Creek multi-use paved trail network, driving steady foot traffic from walking neighborhood residents.
 - Litter containment is highly efficient with large-capacity rolling barrels anchored tightly near sports player benches and transit exits."
L6W,Kiwanis Memorial Park,"400 Main St S, Brampton ON L6W 2E5",9,9,9,9,9,N/A,10,N/A,9,"- Washrooms: None.
 - A deeply peaceful, immaculately manicured memorial green space that traces the banks of the Etobicoke Creek corridor.
 - Showcases gorgeous formal commemorative plantings and seasonal flowerbeds with zero loose wrapper litter visible.
 - Paved pathways are flawless, paired with high-quality comfortable wood-slat resting benches.
 - Contains zero play equipment, intentionally designed to preserve a completely tranquil reflective atmosphere."
L6W,Charles F. Watson and Family Gardens,"398 Main St S, Brampton, ON L6W 1G6",9,9,10,9,9,N/A,10,N/A,9,"- Washrooms: None.
 - A highly reviewed boutique horticultural sunken garden nestled right off the main Etobicoke Creek Trail grid.
 - Interlocking brick trails are beautifully maintained and kept entirely free of natural branch debris, fallen leaves, or weeds.
 - Seating benches are nestled quietly inside ornamental shrub configurations, offering an excellent environment for reading.
 - Highly monitored by neighborhood groups, keeping graffiti and property vandalism at an absolute zero metric."
L6W,Peel Village Park,"47 Watson Crescent, Brampton ON L6W 1E5",8,8,9,8,8,8,9,N/A,8,"- Washrooms: None.
 - A beautiful, mature neighborhood park tucked into the historic Peel Village community, featuring outdoor tennis courts and a seasonal winter ice rink loop.
 - Paved pathways and turf lines are cleanly maintained with a uniform mowing rotation handled reliably by city crews.
 - Play structures are safe, functional, and highly visible from surrounding residential property borders, keeping property marker vandalism at zero."
L6W,Steeles Park,"80 Steeles Ave E, Brampton ON L6W 3T7",7,8,8,8,7,N/A,9,N/A,8,"- Washrooms: None.
 - Functions as an essential commercial-residential green buffer strip framing the active Steeles Avenue East transit grid.
 - Devoid of formal playground climbing units or structures, prioritizing flat paved asphalt pathways for local neighborhood commuters and pet walking.
 - Proximity to busy arterial roadways means windblown wrapper litter can occasionally catch near peripheral foliage and boundary chain fences."
L6W,Hartford Park,"29A Hartford Trail, Brampton ON L6W 3W8",8,8,8,8,8,8,9,N/A,8,"- Washrooms: None.
 - A spacious, highly active family hub tucked securely behind local residential street grids in the lower Peel Village sector.
 - Playground elements feature modern high-safety plastic slide modules and deep structural swing sets highly praised by local families.
 - Open site configurations keep child play networks completely visible from surrounding windows and street lamps, reducing graffiti to zero."
L6W,Peel Village Golf Trail Park,"2A Steeles Ave E, Brampton ON L6W 3T7",9,8,9,9,9,N/A,10,N/A,9,"- Washrooms: None.
 - A highly scenic linear pedestrian green space wrapping the outer public perimeter of the historic Peel Village Golf Course.
 - Features premium asphalted pathways and level fitness tracks that serve as an ideal environment for stroller access and morning senior steps.
 - Zero children\'s play structures are built to maximize open nature walking transit, keeping overall property vandalism at an absolute zero metric."
L6W,Mary Street Park,"200 Mary St, Brampton ON L6W 1A3",8,8,8,8,7,7,9,N/A,8,"- Washrooms: None.
 - Established neighborhood residential park space directly backing onto local school property lines, yielding steady weekday youth volume.
 - Features expansive, cleanly mowed grass outfields ideal for informal youth soccer matches, throwing footballs, or casual pet exercise.
 - Basic green city waste rolling barrels are checked on a reliable weekly rotation schedule by municipal staff to prevent loose wrapper litter."
L6V,Century Gardens Recreation Centre Park,"340 Vodden St E, Brampton, ON L6V 2N2",8,9,9,9,8,8,9,8,9,"- Flagship central hub anchoring massive sports fields, paved pathway circuits, and an outdoor winter ice rink network.
 - Excellent indoor municipal recreation centre lobby guarantees public access to pristine, climate-controlled washrooms.
 - Waste management is highly proactive with high-capacity steel rolling barrels located at player dugouts and main trail loops."
L6V,Duggan Park,"75 Vodden St E, Brampton, ON L6V 4H7",8,8,9,9,8,7,9,N/A,8,"- Washrooms: None.
 - A sprawling 31-acre urban nature escape featuring a highly praised, fully fenced off-leash dog park.
 - Flat, smoothly paved asphalt pathways snake beautifully along the linear alignment of the regional Etobicoke Creek Trail.
 - Garbage receptacles are consistently well-spaced at the main parking entrance gate and trail transitions to shield wildlife."
L6V,Sheffield Park West,"Etobicoke Creek Trail, Brampton, ON L6V 4K4",8,8,8,9,8,7,9,N/A,8,"- Washrooms: None.
 - Hidden local valley space that directly intersects the active commuter lanes of the continuous Etobicoke Creek system.
 - Offers highly accessible paved paths for walking and biking, though immediate riverbed tree borders can collect windblown tree debris.
 - Benches look out over the river current, presenting a completely peaceful rest oasis for local distance pedestrian hikers."
L6V,Neville-Lake Park,"80 Weybridge Trail, Brampton, ON L6V 4N2",9,8,9,9,9,8,10,N/A,9,"- Washrooms: None.
 - Formerly known as Weybridge Park; beautifully renamed and dedicated to honor the memory of the Neville-Lake family.
 - Features two clean junior soccer outfields, lit structural walking loops, pristine memorial stonework plantings, and a plaque.
 - Highly valued by the surrounding residential neighborhood community, ensuring property vandalism metrics remain at absolute zero."
L6V,Madoc Park,"49 Madoc Dr, Brampton ON L6V 2A1",7,8,8,8,7,8,8,N/A,8,"- Washrooms: None.
 - High-density residential neighborhood park backing onto Madoc Drive Public School with intensive youth foot traffic.
 - Playground features large, highly active climbing structures, standard swing arrays, a sports court, and an outfield ball diamond.
 - Heavy student presence after dismissal hours puts an intense daily volume strain on local green rolling rolling trash bins."
L6V,Seaborn Park,"39 Herkley Dr, Brampton ON L6V 2E7",8,8,8,8,7,7,9,N/A,8,"- Washrooms: None.
 - Quiet community park property nestled right next to local elementary school playgrounds and sports facilities.
 - Features double junior softball diamonds with healthy grass turf landscaping that undergoes tight municipal clipping routines.
 - Open visibility from adjacent home windows provides excellent community security, naturally keeping graffiti behaviors low."
L6V,Bruce Beer Park,"Brampton, ON L6V 2W7",8,8,9,8,8,7,9,N/A,8,"- Washrooms: None.
- A quiet neighborhood asset beautifully integrated into the mature Etobicoke Creek linear trail system.
- Features a clean playground module and an informal neighborhood baseball diamond that stays heavily utilized in summer.
- The dense canopy of mature trees provides excellent shade over standard resting benches."
L6V,Major Oaks Park,"976 Williams Pkwy, Brampton, ON L6V 4S1",8,9,9,9,8,9,9,N/A,9,"- Washrooms: None.
- A large, highly active regional park known for its premier outdoor basketball courts and multiple soccer fields.
- Features beautifully maintained asphalt walking loops and a highly rated, modern children's playground structure.
- Garbage bin distribution is excellent, successfully preventing any major litter overflows during busy weekend match days."
L6V,Valleybrook Park,"361 Centre St N, Brampton ON L6V 4N4",8,8,9,8,8,8,9,N/A,8,"- Washrooms: None.
 - Picturesque sloping valley asset tracking North of Williams Parkway, highly favored as a pet-friendly walking site.
 - Walking loops are solid and provide clear pathway visibility across well-edged residential subdivision property line boundaries.
 - Playground elements feature durable traditional safety frames with minimal instances of random vandalism or markings."
L6V,Lacrosse Park,"Brampton, ON L6V 0A5",8,8,8,8,7,7,9,N/A,8,"- Washrooms: None.
- Tucked behind mature residential lanes, offering a peaceful green escape with a standard local ball diamond.
- Walking paths provide smooth pedestrian shortcuts and loops that connect seamlessly into the local street grid.
- Playground elements are simple but fully functional, clean, and highly visible from surrounding homes."
L6T,Norton Place Park,"170 Clark Blvd, Brampton, ON L6T 4A8",8,8,9,9,9,9,9,7,9,"- Iconic central pond boardwalk is an excellent local highlight that is clean and heavily scenic.
 - Modern playgrounds and splash pad segments are well managed and highly rated by young families.
 - High seasonal weekend crowds can put a strain on garbage bin loops closest to the waterfront trails."
L6T,Earnscliffe Park,"44 Eastbourne Dr, Brampton, ON L6T 3M3",8,9,9,9,8,9,9,8,9,"- Anchored by the major Earnscliffe Recreation Centre with clean indoor municipal public washrooms.
 - Meticulously manicured cricket pitches and multi-sport layouts that handle local games.
 - Highly robust garbage loop placements near transit parking bays prevent blowing litter issues."
L6T,Victoria Park,"20 Victoria Cres, Brampton ON L6T 1E4",8,8,9,8,7,6,9,5,8,"- Houses the Victoria Park Arena with excellent open layout sports fields and standard lighting.
 - Playground elements are simple and mature compared to surrounding flagship parks.
 - Sports tournament schedules can cause washroom cleaning strain during peak weekend timelines."
L6T,Eastbourne Park,"764 Balmoral Dr, Brampton, ON L6T 1X8",8,8,8,8,8,8,8,N/A,8,"- Washrooms: None.
 - Tucked Seamlessly into a quiet central Brampton residential neighborhood plot.
 - Highly functional asphalt paths serve as an ideal pedestrian corridor linking local blocks.
 - simple play structures are kept clear of graffiti due to excellent visibility from surrounding homes."
L6T,Carleton Park,"0 Clark Blvd, Brampton, ON L6T 4S2",8,8,8,7,7,6,8,N/A,7,"- Washrooms: None.
 - Serves as a small commercial buffer park zone featuring basic walkways and transit access.
 - Minimal active play elements are present, limited mostly to a swing set module.
 - General grass clipping cycles are routine though chain fences can collect windblown wind trash."
L6T,Clark Park,"43P Cavendish Crescent, Brampton, ON L6T 1Z3",8,8,8,7,7,6,9,N/A,8,"- Washrooms: None.
 - Minimalist neighborhood green space offering quick pedestrian connectivity loops.
 - Clean perimeter asphalt layouts prevent tripping hazards for walking neighborhood seniors.
 - Simple bench setups are positioned clearly near standard rolling green city garbage bins."
L6T,Ernest Majury Park,"225 Balmoral Dr, Brampton, ON L6T 1V4",8,8,9,8,8,7,9,N/A,8,"- Washrooms: None.
 - Sits directly adjacent to the Balmoral Recreation Centre lot guaranteeing clean landscaping.
 - Shaded bench seating is positioned well beneath broad mature trees along walking strips.
 - Play elements witness high child volume during school dismissal windows but remain durable."
L6T,Allan Kerbel Park,"60 Brickyard Way, Brampton, ON L6V 4L3",8,8,8,8,7,7,9,N/A,8,"- Washrooms: None.
 - Tucked securely into a mixed industrial and residential zone layout with standard turf landscaping.
 - Granular trail circuits provide reliable short walk options away from high traffic roads.
 - Playground climbing bars are clean and safe with thick protective wood chips beneath.
 - Vandalism is kept low due to active municipal security loops around the industrial borders."
L6T,Aloma park playground,"53 Aloma Crescent, Brampton, ON L6T 2N8",8,8,8,8,7,7,9,N/A,8,"- Washrooms: None.
 - Cozy community park space tucked inside the established residential streets of South Bramalea.
 - Playground features simple traditional swings and clean climbing frames that are checked routinely by municipal crews.
 - Shaded seating benches are well-placed under mature trees along the perimeter paths."
L6T,Dearbourne Park,"Brampton, ON L6T 2Y8",8,8,8,8,8,7,9,N/A,8,"- Washrooms: None.
 - Tucked seamlessly into a quiet residential pocket offering strong neighborhood pedestrian transit lines.
 - Features wide open grassy areas optimized for informal community catch or throwing a frisbee.
 - High visibility from surrounding suburban subdivision houses naturally deters loitering and vandalism."
L6S,Professor's Lake Park,"1660 North Park Dr, Brampton ON L6S 4B4",9,9,9,10,9,9,9,8,9,"- A premier multi-use beach and lake destination featuring a water park, boat docks, and sand volleyball pits.
 - Paved fitness trails are in exceptional shape and wrap cleanly around the massive open lake waters.
 - Public washrooms inside the main activity pavilion are well maintained though lines peak heavily on hot summer afternoons."
L6S,Donald M. Gordon Chinguacousy Park,"9050 Bramalea Rd, Brampton, ON L6S 6G7",9,10,10,10,10,10,9,8,10,"- Flagship 100-acre city centerpiece park hosting a petting zoo, tropical greenhouse, mini-train, splash pad, and Terry Fox Stadium.
 - Paved multi-use fitness trails are in immaculate condition, cleared daily, and deeply integrated into central Bramalea corridors.
 - High-capacity waste bin networks completely eliminate litter spikes, though public restroom pavilion lines peak heavily during event weekends."
L6S,Greenbriar Park South,"1100 Central Park Dr, Brampton ON L6S 2C9",8,8,9,9,8,8,9,7,8,"- Anchored by the Greenbriar Recreation Centre and home to the popular annual Brampton KiteFest celebration.
 - Features a beautiful shaded forest canopy with wide open athletic grassy lawns used for community leisure.
 - Public washrooms inside the recreation centre hub are kept well-maintained but remain subject to building operational timetables."
L6S,Terry Miller Recreation Centre Park,"1295 Williams Pkwy, Brampton, ON L6S 3J8",8,9,9,9,8,8,9,8,9,"- multi-use active greenspace attached directly to The Terry Miller recreation facility, providing reliable indoor Public amenities.
 - outfields feature Highly manicured layouts that transition smoothly into flat, asphalted walking paths near Mackay Street.
 - Litter parameters are kept remarkably low through proactive city Waste bin rotations near active transit borders."
L6S,Knightsbridge Park,"Central Park Dr, Brampton, ON L6T 3X3",8,8,8,8,8,7,9,N/A,8,"- Washrooms: None.
 - Located at the corner of Central Park Drive and Kensington Road, serving as a reliable inner-city neighborhood pocket park.
 - Playground elements feature durable traditional swing arrays and slides cushioned with wood chips to maximize child fallback safety.
 - Excellent neighborhood backyard visibility from adjacent apartment towers and homes naturally prevents loitering behaviors."
L6S,Hilldale Park,"Brampton, ON L6S 2A7",8,8,8,8,7,7,9,N/A,8,"- Washrooms: None.
 - Tucked seamlessly behind Hilldale Public School, experiencing high weekday afternoon student foot traffic density.
 - Features open grassy outfields optimized for informal community soccer matches, catching drills, or casual pet walking.
 - Simple green city waste bins are monitored on a standard weekly municipal rotation matrix to prevent loose wrapper litter."
L6S,Goldcrest Park,"Gleneaden Ct, Brampton, ON L6S 2J7",8,8,8,8,8,7,9,N/A,8,"- Washrooms: None.
 - Safe residential park option backing onto Goldcrest Public School property lines, providing solid neighborhood shortcuts.
 - General turf landscaping is healthy and undergoes tight municipal clipping routines to keep regional weeds entirely low.
 - High perimeter visibility from surrounding subdivision fences naturally deters property marker graffiti or asset damage."
L6S,Jordan Park,"4 Don Doan Trail, Brampton, ON L6S 3G8",8,7,8,7,7,7,9,N/A,7,"- Washrooms: None.
 - Quiet community park property nestled right next to local residential lanes and local walkway connections.
 - Playground climbing apparatuses are minor, making it ideal for brief neighborhood morning strolls rather than day excursions.
 - Rolling city trash containers are anchored tightly at the sidewalk entrance gaps to ensure easy collection access."
L6S,Jefferson Park,"Brampton, ON L6S 2G5",8,8,8,8,7,7,9,N/A,8,"- Washrooms: None.
 - Nestled securely beside St. John Bosco Catholic School, offering wide open unlit softball diamond outfields.
 - Low crowd gathering footprint keeps general loose paper and plastic litter issues minimal year-round.
 - Playground modules are clean, brightly colored, and completely padded with deep wood mulch to elevate child safety."
L6S,Greenmount Park,"Greendust Ct, Brampton ON L6S 5J8",8,8,8,8,7,7,9,N/A,8,"- Washrooms: None.
 - Peaceful, interior neighborhood green space tucked quietly at the end of the Greendust Court residential corridor.
 - Features wide-open concept lawns highly favored by local families for morning pet exercise and casual community soccer drills.
 - Playground elements are simple but structurally sound, remaining highly visible from nearby property line boundaries which deters graffiti."
L6R,Upwood Park,"Upwood Park, 22 Upwood Pl, Brampton, ON L6R 1T3",8,8,8,8,8,7,9,N/A,8,"- Washrooms: None.
- A quiet, family-oriented neighborhood park tucked neatly into an established residential court.
- Features a clean, standard playground structure with a woodchip base that is well-maintained by the city.
- Open grass lawns are kept at a uniform length, providing a safe space for toddlers and pet walking."
L6R,Chinguacousy Wellness Linear Park,"995 Peter Robertson Blvd, Brampton ON L6R 2E9",9,8,9,10,9,N/A,10,N/A,9,"- Washrooms: None.
 - Active linear multi-use trail tracking parallel to the main Chinguacousy Wellness Centre property.
 - Pathway asphalt is in flawless structural shape, highly favored by distance road cyclists, inline skaters, and pet walkers.
 - Zero play frames are built along this corridor to ensure fast-moving active commuter traffic lines remain safe."
L6R,Great Lakes Park," 255 Great Lakes Dr, Brampton, ON L6R 2W9",9,9,9,9,9,9,9,N/A,9,"- Washrooms: None.
 - Visually striking neighborhood park space designed to support the local Springdale housing communities.
 - Playground elements feature elite modern climbing nets, protective rubber padding, and advanced safety slide installations.
 - Paved walking tracks are wide, clean, and heavily populated for evening family neighborhood walks."
L6R,Blue Oak Park,"11 Sugarpine Ct, Brampton, ON L6R 1B5",8,8,9,8,8,7,9,N/A,8,"- Washrooms: None.
- A peaceful suburban green space nestled at the end of a quiet cul-de-sac location.
- Walking paths are smoothly paved and offer easy, accessible cut-through routes to neighboring streets.
- Playground elements are simple but functional, with clear visibility from surrounding houses keeping graffiti at zero."
L6R,Black Forest Park North Park,"Black Forest Dr, Brampton, ON L6R 2E6",9,8,9,9,8,N/A,10,N/A,9,"- Washrooms: None.
- Part of a beautiful, dense natural woodlot corridor that bridges local residential sectors.
- Paved walking trails are exceptionally scenic and highly rated for peaceful evening nature strolls.
- Lacks formal playground structures or sports amenities to fully preserve the mature forest ecosystem."
L6R,Red Top Valley Park,"Sunny Meadow Blvd, Brampton, ON L6R 0P7",8,8,9,9,8,8,9,N/A,8,"- Washrooms: None.
- A beautiful, sprawling linear park system tracking along a natural valley corridor on Sunny Meadow Boulevard.
- Features excellent paved multi-use pathways that are highly popular for local jogging, cycling, and strollers.
- Playground structures are clean and modern, safely separated from the main road by healthy turf buffer zones."
L6R,Sesquicentennial Park,"11475 Bramalea Rd, Brampton, ON L6R 0B8",8,8,9,8,8,7,8,8,8,"- A major regional sports park hub featuring 8 baseball diamonds, 3 soccer fields, a playground, and public comfort stations.
 - Sports fields are heavily utilized on weekends, putting a structural strain on trash bins and washrooms during peak tournament windows.
 - Main walking pathways are wide and paved, though natural perimeter brush can occasionally collect minor wrapper litter."
L6R,Morris Kerbel Park,"292 Conestoga Dr, Brampton, ON L6Z 3M1",7,7,8,8,7,7,7,N/A,7,"- Active neighborhood venue backing onto local school properties and hosting municipal soccer fields.
- Afternoon youth groups can cause minor trash strain near perimeter chain links on weekdays.
- Paved pathways run smoothly through the park and help connect nearby residential routes.
- No confirmed public washroom was found, so washrooms should be marked as N/A."
L6R,Batsman Community Park,"389 Father Tobin Rd, Brampton, ON L6R 0R4",7,7,8,8,8,7,8,N/A,8,"- Large sports venue optimized for local cricket matches and competitive multi-sport events.
 - High athlete foot traffic causes structural strain on trash bins during tournament weekends.
 - Walking tracks wrap around the outfields safely providing flat granular walking options.
 - Does not harbor permanent brick restrooms restricting long tournament spectator visits."
L6P,Gore Meadows Community Park,"10150 The Gore Rd, Brampton ON L6P 0A6",9,9,10,9,9,10,9,8,9,"- Flagship destination park sharing grounds with the massive Gore Meadows Community Centre & Library complex.
 - Showcases state-of-the-art playground climbing towers, a large outdoor splash pad, basketball courts, and a premium skatepark.
 - Elite indoor facility lobby doors provide the surrounding community with immediate access to pristine, fully accessible washrooms.
 - Highly maintained paved fitness trails completely surround the properties with an excellent waste container layout."
L6P,Riverstone Community Centre Park,"195 Don Minaker Dr, Brampton, ON L6P 2V7",8,9,9,9,8,8,9,8,9,"- Acclaimed suburban active hub situated along the Don Minaker Drive residential corridor, adjacent to local school networks.
 - Features premium indoor saltwater pool amenities alongside beautifully maintained outdoor green space lots and walking corridors.
 - Public washrooms inside the recreation hub lobby are immaculate, climate-controlled, and highly accessible during operating loops.
 - Waste management loops are highly proactive around the parking bays, keeping windblown wrapper litter at a minimum profile."
L6P,Bottomwood Park,"50 Triple Crown Dr, Brampton, ON L6S 0A6",8,8,8,8,7,7,9,N/A,8,"- Washrooms: None.
 - Located in a newer, premium subdivision pocket within the active Vales of Castlemore master community plan.
 - Playground elements feature a concrete curb finish, modern children\'s slides, swings, and safe ground cushion mulch overlays.
 - Mowing cycles are uniform and highly consistent, keeping peripheral weeds low along the outer property fencing line boundaries."
L6P,Claireville North Multi-Use Trail,"Brampton, ON L6P 0S3",9,7,9,9,6,N/A,10,N/A,9,"- Washrooms: None.
- A beautiful, serene wilderness path segment officially registered on Google Maps within the northern limits of the Claireville Conservation Area.
- Highly rated for hiking, biking, and birdwatching; gravel and natural dirt trails offer a peaceful escape but grow muddy after heavy rainfall.
- Waste bins are concentrated strictly at the primary parking lot entrance gaps near McVean Farm to shield the local natural ecosystem."
L6P,Midsummer Parkette,"16 Midsummer Dr, Brampton ON L6P 3E3",8,8,9,8,8,7,9,N/A,8,"- Washrooms: None.
 - Tucked seamlessly into a modern, quiet suburban residential development in Northeast Brampton (Castlemore sector).
 - Features a highly pristine, compact open lawn space perfect for local toddlers, brief outdoor family rest stops, and neighborhood pet walkers.
 - Playground elements focus on younger child modules with modern high-safety structures that remain highly visible from surrounding street lamps and windows, keeping graffiti at zero."
L6P,Chant Valley Park,"Brampton, ON L6P 1G4",8,8,8,8,8,7,9,N/A,8,"- Washrooms: None.
 - Quiet community park property nestled right next to local Vales of Castlemore elementary school properties.
 - Playground modules are clean, brightly colored, and completely padded with deep wood chips to maximize child fallback safety.
 - Highly visible layout from the main roadway and surrounding windows naturally minimizes loitering or property marker damage."
L6P,Don Beatty Valley,"225 Gardenbrooke Trail, Brampton, ON L6P 3C9",8,8,9,9,8,N/A,10,N/A,8,"- Washrooms: None.
- A wide-open, highly picturesque linear natural valley resource and recreation trail tracking along the local creek beds.
- Features smoothly asphalted walking and cycling tracks that connect local subdivision streets, providing a safe environment for strollers.
- Open-concept layout preserves natural local brush lines, resulting in low crowd-gathering numbers and keeping loose litter at zero."
L6P,Kidd Valley Park,"4700 Ebenezer Rd, Brampton, ON L6P 2W6",8,8,9,8,8,7,9,N/A,8,"- Washrooms: None.
- An active community valley park corridor easily searched on Google Maps, serving as an essential pedestrian green space corridor.
- General turf landscaping is healthy with highly consistent municipal mowing patterns, keeping open lawns neat for pet walking.
- Playground elements are simple but clean, remaining highly visible from surrounding street lanes which deters vandalism or markings."
L6P,Cobblehill Park,"Cobblehill Crescent, Brampton, ON L6P 2M5",8,8,8,8,8,7,9,N/A,8,"- Washrooms: None.
- Cozy, well-manicured neighborhood subdivision park tucked securely into the quiet avenue blocks of the Vales of Castlemore.
- Playground climbing modules are modern, checked for child safety, and surrounded by clean woodchip layers instead of messy sand.
- Broad open grass outfields are highly accessible and visible from surrounding windows, keeping property marker graffiti at a complete zero."
L6X,Beatty-Fleming Park,"72 McLaughlin Rd N, Brampton, ON L6X 1Z1",8,8,9,8,8,8,9,N/A,8,"- Washrooms: None.
- Located right next to Beatty-Fleming Public School, featuring wide-open fields and a dedicated neighborhood baseball diamond.
- Recently updated with a commemorative plaque, tree, and decorative seating honoring trailblazing community pillars Estelle and Austin Blackburn.
- Seamlessly integrates into the scenic Fletcher's Creek property wilderness trails for quiet nature strolls."
L6V,Lakelands Village Park,"74 Southlake Blvd, Brampton, ON L6V 4N9",8,8,9,9,9,8,9,N/A,9,"- Washrooms: None.
- A gorgeous, premium lakeside park surrounding a central stormwater management lake with an elegant boardwalk trail.
- Features exceptional shoreline landscaping, well-placed rest benches for bird watching, and a clean, safe playground layout.
- Walking and running tracks are smoothly paved and highly popular with local neighborhood evening strolls."
L6R,Harry A. Shields Parkette,"57 Riverbank Rd, Brampton, ON L6R 2H2",8,8,8,7,7,6,9,N/A,7,"- Washrooms: None.
- A smaller, localized neighborhood parkette designed primarily for quick, immediate street-side resident use.
- Play infrastructure is modest, featuring a small swing set and standard slide module tailored for younger children.
- Landscaping is clean with routine municipal clipping schedules, and litter remains low due to minimal gathering sizes."
L6R,Carabram Park,"79 Eagleridge Dr, Brampton, ON L6R 1E6",8,9,9,9,8,9,9,N/A,9,"- Washrooms: None.
- A vibrant community hub named in honor of Brampton's multicultural festival, featuring an excellent outdoor basketball court.
- Boasts broad, flawlessly paved perimeter pathways that loop around well-manicured soccer and sports outfields.
- Playground structures are newly updated, highly engaging, and heavily utilized by local families during weekend afternoons."